Workbook

Sheet 바닥판
A1: 소재 | B1: 유형 | C1: 형태 | D1: 용도 | E1: 경계 | F1: 욕실폭 | G1: 욕실길이 | H1: 세면부폭 | I1: 세면부길이 | J1: 샤워부폭 | K1: 샤워부길이 | L1: 세면부바닥판 단가 | M1: 샤워부바닥판 단가 | N1: 소계
A2: GRP | B2: 기본형 | C2: 코너형 | D2: 샤워형 | E2: 구분 | F2: 1300 | G2: 1900 | H2: 1300 | I2: 1300 | J2: 850 | K2: 600 | L2: =바닥판단가!G2 -> 51610 | M2: =바닥판단가!G15 -> 20666 | N2: =바닥판단가!G2 + 바닥판단가!G15 -> 72276
A3: GRP | B3: 기본형 | C3: 코너형 | D3: 샤워형 | E3: 구분 | F3: 1300 | G3: 1900 | H3: 1300 | I3: 1300 | J3: 900 | K3: 600 | L3: =바닥판단가!G2 -> 51610 | M3: =바닥판단가!G16 -> 21190 | N3: =바닥판단가!G2 + 바닥판단가!G16 -> 72800
A4: GRP | B4: 기본형 | C4: 코너형 | D4: 샤워형 | E4: 구분 | F4: 1300 | G4: 2000 | H4: 1300 | I4: 1300 | J4: 900 | K4: 700 | L4: =바닥판단가!G2 -> 51610 | M4: =바닥판단가!G17 -> 22342 | N4: =바닥판단가!G2 + 바닥판단가!G17 -> 73952
A5: GRP | B5: 기본형 | C5: 코너형 | D5: 샤워형 | E5: 구분 | F5: 1300 | G5: 2000 | H5: 1300 | I5: 1400 | J5: 850 | K5: 600 | L5: =바닥판단가!G3 -> 53600 | M5: =바닥판단가!G15 -> 20666 | N5: =바닥판단가!G3 + 바닥판단가!G15 -> 74266
A6: GRP | B6: 기본형 | C6: 코너형 | D6: 샤워형 | E6: 구분 | F6: 1300 | G6: 2000 | H6: 1300 | I6: 1400 | J6: 900 | K6: 600 | L6: =바닥판단가!G3 -> 53600 | M6: =바닥판단가!G16 -> 21190 | N6: =바닥판단가!G3 + 바닥판단가!G16 -> 74790
A7: GRP | B7: 기본형 | C7: 코너형 | D7: 샤워형 | E7: 구분 | F7: 1300 | G7: 2100 | H7: 1300 | I7: 1300 | J7: 900 | K7: 800 | L7: =바닥판단가!G2 -> 51610 | M7: =바닥판단가!G18 -> 23494 | N7: =바닥판단가!G2 + 바닥판단가!G18 -> 75104
A8: GRP | B8: 기본형 | C8: 코너형 | D8: 샤워형 | E8: 구분 | F8: 1300 | G8: 2100 | H8: 1300 | I8: 1400 | J8: 900 | K8: 700 | L8: =바닥판단가!G3 -> 53600 | M8: =바닥판단가!G17 -> 22342 | N8: =바닥판단가!G3 + 바닥판단가!G17 -> 75942
A9: GRP | B9: 기본형 | C9: 코너형 | D9: 샤워형 | E9: 구분 | F9: 1300 | G9: 2100 | H9: 1300 | I9: 1500 | J9: 850 | K9: 600 | L9: =바닥판단가!G4 -> 55485 | M9: =바닥판단가!G15 -> 20666 | N9: =바닥판단가!G4 + 바닥판단가!G15 -> 76151
A10: GRP | B10: 기본형 | C10: 코너형 | D10: 샤워형 | E10: 구분 | F10: 1300 | G10: 2100 | H10: 1300 | I10: 1500 | J10: 900 | K10: 600 | L10: =바닥판단가!G4 -> 55485 | M10: =바닥판단가!G16 -> 21190 | N10: =바닥판단가!G4 + 바닥판단가!G16 -> 76675
A11: GRP | B11: 기본형 | C11: 코너형 | D11: 샤워형 | E11: 구분 | F11: 1300 | G11: 2200 | H11: 1300 | I11: 1300 | J11: 900 | K11: 900 | L11: =바닥판단가!G2 -> 51610 | M11: =바닥판단가!G19 -> 25066 | N11: =바닥판단가!G2 + 바닥판단가!G19 -> 76676
A12: GRP | B12: 기본형 | C12: 코너형 | D12: 샤워형 | E12: 구분 | F12: 1300 | G12: 2200 | H12: 1300 | I12: 1300 | J12: 1000 | K12: 900 | L12: =바닥판단가!G2 -> 51610 | M12: =바닥판단가!G21 -> 27161 | N12: =바닥판단가!G2 + 바닥판단가!G21 -> 78771
A13: GRP | B13: 기본형 | C13: 코너형 | D13: 샤워형 | E13: 구분 | F13: 1300 | G13: 2200 | H13: 1300 | I13: 1400 | J13: 900 | K13: 800 | L13: =바닥판단가!G3 -> 53600 | M13: =바닥판단가!G18 -> 23494 | N13: =바닥판단가!G3 + 바닥판단가!G18 -> 77094
A14: GRP | B14: 기본형 | C14: 코너형 | D14: 샤워형 | E14: 구분 | F14: 1300 | G14: 2200 | H14: 1300 | I14: 1500 | J14: 900 | K14: 700 | L14: =바닥판단가!G4 -> 55485 | M14: =바닥판단가!G17 -> 22342 | N14: =바닥판단가!G4 + 바닥판단가!G17 -> 77827
A15: GRP | B15: 기본형 | C15: 코너형 | D15: 샤워형 | E15: 구분 | F15: 1300 | G15: 2200 | H15: 1300 | I15: 1600 | J15: 850 | K15: 600 | L15: =바닥판단가!G5 -> 57790 | M15: =바닥판단가!G15 -> 20666 | N15: =바닥판단가!G5 + 바닥판단가!G15 -> 78456
A16: GRP | B16: 기본형 | C16: 코너형 | D16: 샤워형 | E16: 구분 | F16: 1300 | G16: 2200 | H16: 1300 | I16: 1600 | J16: 900 | K16: 600 | L16: =바닥판단가!G5 -> 57790 | M16: =바닥판단가!G16 -> 21190 | N16: =바닥판단가!G5 + 바닥판단가!G16 -> 78980
A17: GRP | B17: 기본형 | C17: 코너형 | D17: 샤워형 | E17: 구분 | F17: 1300 | G17: 2300 | H17: 1300 | I17: 1300 | J17: 1000 | K17: 1000 | L17: =바닥판단가!G2 -> 51610 | M17: =바닥판단가!G22 -> 29256 | N17: =바닥판단가!G2 + 바닥판단가!G22 -> 80866
A18: GRP | B18: 기본형 | C18: 코너형 | D18: 샤워형 | E18: 구분 | F18: 1300 | G18: 2300 | H18: 1300 | I18: 1400 | J18: 900 | K18: 900 | L18: =바닥판단가!G3 -> 53600 | M18: =바닥판단가!G19 -> 25066 | N18: =바닥판단가!G3 + 바닥판단가!G19 -> 78666
A19: GRP | B19: 기본형 | C19: 코너형 | D19: 샤워형 | E19: 구분 | F19: 1300 | G19: 2300 | H19: 1300 | I19: 1400 | J19: 1000 | K19: 900 | L19: =바닥판단가!G3 -> 53600 | M19: =바닥판단가!G21 -> 27161 | N19: =바닥판단가!G3 + 바닥판단가!G21 -> 80761
A20: GRP | B20: 기본형 | C20: 코너형 | D20: 샤워형 | E20: 구분 | F20: 1300 | G20: 2300 | H20: 1300 | I20: 1500 | J20: 900 | K20: 800 | L20: =바닥판단가!G4 -> 55485 | M20: =바닥판단가!G18 -> 23494 | N20: =바닥판단가!G4 + 바닥판단가!G18 -> 78979
A21: GRP | B21: 기본형 | C21: 코너형 | D21: 샤워형 | E21: 구분 | F21: 1300 | G21: 2300 | H21: 1300 | I21: 1600 | J21: 900 | K21: 700 | L21: =바닥판단가!G5 -> 57790 | M21: =바닥판단가!G17 -> 22342 | N21: =바닥판단가!G5 + 바닥판단가!G17 -> 80132
A22: GRP | B22: 기본형 | C22: 코너형 | D22: 샤워형 | E22: 구분 | F22: 1300 | G22: 2400 | H22: 1300 | I22: 1400 | J22: 1000 | K22: 1000 | L22: =바닥판단가!G3 -> 53600 | M22: =바닥판단가!G22 -> 29256 | N22: =바닥판단가!G3 + 바닥판단가!G22 -> 82856
A23: GRP | B23: 기본형 | C23: 코너형 | D23: 샤워형 | E23: 구분 | F23: 1300 | G23: 2400 | H23: 1300 | I23: 1500 | J23: 900 | K23: 900 | L23: =바닥판단가!G4 -> 55485 | M23: =바닥판단가!G19 -> 25066 | N23: =바닥판단가!G4 + 바닥판단가!G19 -> 80551
A24: GRP | B24: 기본형 | C24: 코너형 | D24: 샤워형 | E24: 구분 | F24: 1300 | G24: 2400 | H24: 1300 | I24: 1500 | J24: 1000 | K24: 900 | L24: =바닥판단가!G4 -> 55485 | M24: =바닥판단가!G21 -> 27161 | N24: =바닥판단가!G4 + 바닥판단가!G21 -> 82646
A25: GRP | B25: 기본형 | C25: 코너형 | D25: 샤워형 | E25: 구분 | F25: 1300 | G25: 2400 | H25: 1300 | I25: 1600 | J25: 900 | K25: 800 | L25: =바닥판단가!G5 -> 57790 | M25: =바닥판단가!G18 -> 23494 | N25: =바닥판단가!G5 + 바닥판단가!G18 -> 81284
A26: GRP | B26: 기본형 | C26: 코너형 | D26: 샤워형 | E26: 구분 | F26: 1300 | G26: 2500 | H26: 1300 | I26: 1500 | J26: 1000 | K26: 1000 | L26: =바닥판단가!G4 -> 55485 | M26: =바닥판단가!G22 -> 29256 | N26: =바닥판단가!G4 + 바닥판단가!G22 -> 84741
A27: GRP | B27: 기본형 | C27: 코너형 | D27: 샤워형 | E27: 구분 | F27: 1300 | G27: 2500 | H27: 1300 | I27: 1600 | J27: 900 | K27: 900 | L27: =바닥판단가!G5 -> 57790 | M27: =바닥판단가!G19 -> 25066 | N27: =바닥판단가!G5 + 바닥판단가!G19 -> 82856
A28: GRP | B28: 기본형 | C28: 코너형 | D28: 샤워형 | E28: 구분 | F28: 1300 | G28: 2500 | H28: 1300 | I28: 1600 | J28: 1000 | K28: 900 | L28: =바닥판단가!G5 -> 57790 | M28: =바닥판단가!G21 -> 27161 | N28: =바닥판단가!G5 + 바닥판단가!G21 -> 84951
A29: GRP | B29: 기본형 | C29: 코너형 | D29: 샤워형 | E29: 구분 | F29: 1400 | G29: 1900 | H29: 1400 | I29: 1300 | J29: 850 | K29: 600 | L29: =바닥판단가!G6 -> 53600 | M29: =바닥판단가!G15 -> 20666 | N29: =바닥판단가!G6 + 바닥판단가!G15 -> 74266
A30: GRP | B30: 기본형 | C30: 코너형 | D30: 샤워형 | E30: 구분 | F30: 1400 | G30: 1900 | H30: 1400 | I30: 1300 | J30: 900 | K30: 600 | L30: =바닥판단가!G6 -> 53600 | M30: =바닥판단가!G16 -> 21190 | N30: =바닥판단가!G6 + 바닥판단가!G16 -> 74790
A31: GRP | B31: 기본형 | C31: 코너형 | D31: 샤워형 | E31: 구분 | F31: 1400 | G31: 2000 | H31: 1400 | I31: 1300 | J31: 900 | K31: 700 | L31: =바닥판단가!G6 -> 53600 | M31: =바닥판단가!G17 -> 22342 | N31: =바닥판단가!G6 + 바닥판단가!G17 -> 75942
A32: GRP | B32: 기본형 | C32: 코너형 | D32: 샤워형 | E32: 구분 | F32: 1400 | G32: 2000 | H32: 1400 | I32: 1400 | J32: 850 | K32: 600 | L32: =바닥판단가!G7 -> 55695 | M32: =바닥판단가!G15 -> 20666 | N32: =바닥판단가!G7 + 바닥판단가!G15 -> 76361
A33: GRP | B33: 기본형 | C33: 코너형 | D33: 샤워형 | E33: 구분 | F33: 1400 | G33: 2000 | H33: 1400 | I33: 1400 | J33: 900 | K33: 600 | L33: =바닥판단가!G7 -> 55695 | M33: =바닥판단가!G16 -> 21190 | N33: =바닥판단가!G7 + 바닥판단가!G16 -> 76885
A34: GRP | B34: 기본형 | C34: 코너형 | D34: 샤워형 | E34: 구분 | F34: 1400 | G34: 2100 | H34: 1400 | I34: 1300 | J34: 900 | K34: 800 | L34: =바닥판단가!G6 -> 53600 | M34: =바닥판단가!G18 -> 23494 | N34: =바닥판단가!G6 + 바닥판단가!G18 -> 77094
A35: GRP | B35: 기본형 | C35: 코너형 | D35: 샤워형 | E35: 구분 | F35: 1400 | G35: 2100 | H35: 1400 | I35: 1400 | J35: 900 | K35: 700 | L35: =바닥판단가!G7 -> 55695 | M35: =바닥판단가!G17 -> 22342 | N35: =바닥판단가!G7 + 바닥판단가!G17 -> 78037
A36: GRP | B36: 기본형 | C36: 코너형 | D36: 샤워형 | E36: 구분 | F36: 1400 | G36: 2100 | H36: 1400 | I36: 1500 | J36: 850 | K36: 600 | L36: =바닥판단가!G8 -> 57581 | M36: =바닥판단가!G15 -> 20666 | N36: =바닥판단가!G8 + 바닥판단가!G15 -> 78247
A37: GRP | B37: 기본형 | C37: 코너형 | D37: 샤워형 | E37: 구분 | F37: 1400 | G37: 2100 | H37: 1400 | I37: 1500 | J37: 900 | K37: 600 | L37: =바닥판단가!G8 -> 57581 | M37: =바닥판단가!G16 -> 21190 | N37: =바닥판단가!G8 + 바닥판단가!G16 -> 78771
A38: GRP | B38: 기본형 | C38: 코너형 | D38: 샤워형 | E38: 구분 | F38: 1400 | G38: 2200 | H38: 1400 | I38: 1300 | J38: 900 | K38: 900 | L38: =바닥판단가!G6 -> 53600 | M38: =바닥판단가!G19 -> 25066 | N38: =바닥판단가!G6 + 바닥판단가!G19 -> 78666
A39: GRP | B39: 기본형 | C39: 코너형 | D39: 샤워형 | E39: 구분 | F39: 1400 | G39: 2200 | H39: 1400 | I39: 1300 | J39: 1000 | K39: 900 | L39: =바닥판단가!G6 -> 53600 | M39: =바닥판단가!G21 -> 27161 | N39: =바닥판단가!G6 + 바닥판단가!G21 -> 80761
A40: GRP | B40: 기본형 | C40: 코너형 | D40: 샤워형 | E40: 구분 | F40: 1400 | G40: 2200 | H40: 1400 | I40: 1400 | J40: 900 | K40: 800 | L40: =바닥판단가!G7 -> 55695 | M40: =바닥판단가!G18 -> 23494 | N40: =바닥판단가!G7 + 바닥판단가!G18 -> 79189
A41: GRP | B41: 기본형 | C41: 코너형 | D41: 샤워형 | E41: 구분 | F41: 1400 | G41: 2200 | H41: 1400 | I41: 1500 | J41: 900 | K41: 700 | L41: =바닥판단가!G8 -> 57581 | M41: =바닥판단가!G17 -> 22342 | N41: =바닥판단가!G8 + 바닥판단가!G17 -> 79923
A42: GRP | B42: 기본형 | C42: 코너형 | D42: 샤워형 | E42: 구분 | F42: 1400 | G42: 2200 | H42: 1400 | I42: 1600 | J42: 850 | K42: 600 | L42: =바닥판단가!G9 -> 59676 | M42: =바닥판단가!G15 -> 20666 | N42: =바닥판단가!G9 + 바닥판단가!G15 -> 80342
A43: GRP | B43: 기본형 | C43: 코너형 | D43: 샤워형 | E43: 구분 | F43: 1400 | G43: 2200 | H43: 1400 | I43: 1600 | J43: 900 | K43: 600 | L43: =바닥판단가!G9 -> 59676 | M43: =바닥판단가!G16 -> 21190 | N43: =바닥판단가!G9 + 바닥판단가!G16 -> 80866
A44: GRP | B44: 기본형 | C44: 코너형 | D44: 샤워형 | E44: 구분 | F44: 1400 | G44: 2300 | H44: 1400 | I44: 1300 | J44: 1000 | K44: 1000 | L44: =바닥판단가!G6 -> 53600 | M44: =바닥판단가!G22 -> 29256 | N44: =바닥판단가!G6 + 바닥판단가!G22 -> 82856
A45: GRP | B45: 기본형 | C45: 코너형 | D45: 샤워형 | E45: 구분 | F45: 1400 | G45: 2300 | H45: 1400 | I45: 1400 | J45: 900 | K45: 900 | L45: =바닥판단가!G7 -> 55695 | M45: =바닥판단가!G19 -> 25066 | N45: =바닥판단가!G7 + 바닥판단가!G19 -> 80761
A46: GRP | B46: 기본형 | C46: 코너형 | D46: 샤워형 | E46: 구분 | F46: 1400 | G46: 2300 | H46: 1400 | I46: 1400 | J46: 1000 | K46: 900 | L46: =바닥판단가!G7 -> 55695 | M46: =바닥판단가!G21 -> 27161 | N46: =바닥판단가!G7 + 바닥판단가!G21 -> 82856
A47: GRP | B47: 기본형 | C47: 코너형 | D47: 샤워형 | E47: 구분 | F47: 1400 | G47: 2300 | H47: 1400 | I47: 1500 | J47: 900 | K47: 800 | L47: =바닥판단가!G8 -> 57581 | M47: =바닥판단가!G18 -> 23494 | N47: =바닥판단가!G8 + 바닥판단가!G18 -> 81075
A48: GRP | B48: 기본형 | C48: 코너형 | D48: 샤워형 | E48: 구분 | F48: 1400 | G48: 2300 | H48: 1400 | I48: 1600 | J48: 900 | K48: 700 | L48: =바닥판단가!G9 -> 59676 | M48: =바닥판단가!G17 -> 22342 | N48: =바닥판단가!G9 + 바닥판단가!G17 -> 82018
A49: GRP | B49: 기본형 | C49: 코너형 | D49: 샤워형 | E49: 구분 | F49: 1400 | G49: 2400 | H49: 1400 | I49: 1400 | J49: 1000 | K49: 1000 | L49: =바닥판단가!G7 -> 55695 | M49: =바닥판단가!G22 -> 29256 | N49: =바닥판단가!G7 + 바닥판단가!G22 -> 84951
A50: GRP | B50: 기본형 | C50: 코너형 | D50: 샤워형 | E50: 구분 | F50: 1400 | G50: 2400 | H50: 1400 | I50: 1500 | J50: 900 | K50: 900 | L50: =바닥판단가!G8 -> 57581 | M50: =바닥판단가!G19 -> 25066 | N50: =바닥판단가!G8 + 바닥판단가!G19 -> 82647
A51: GRP | B51: 기본형 | C51: 코너형 | D51: 샤워형 | E51: 구분 | F51: 1400 | G51: 2400 | H51: 1400 | I51: 1500 | J51: 1000 | K51: 900 | L51: =바닥판단가!G8 -> 57581 | M51: =바닥판단가!G21 -> 27161 | N51: =바닥판단가!G8 + 바닥판단가!G21 -> 84742
A52: GRP | B52: 기본형 | C52: 코너형 | D52: 샤워형 | E52: 구분 | F52: 1400 | G52: 2400 | H52: 1400 | I52: 1600 | J52: 900 | K52: 800 | L52: =바닥판단가!G9 -> 59676 | M52: =바닥판단가!G18 -> 23494 | N52: =바닥판단가!G9 + 바닥판단가!G18 -> 83170
A53: GRP | B53: 기본형 | C53: 코너형 | D53: 샤워형 | E53: 구분 | F53: 1400 | G53: 2500 | H53: 1400 | I53: 1500 | J53: 1000 | K53: 1000 | L53: =바닥판단가!G8 -> 57581 | M53: =바닥판단가!G22 -> 29256 | N53: =바닥판단가!G8 + 바닥판단가!G22 -> 86837
A54: GRP | B54: 기본형 | C54: 코너형 | D54: 샤워형 | E54: 구분 | F54: 1400 | G54: 2500 | H54: 1400 | I54: 1600 | J54: 900 | K54: 900 | L54: =바닥판단가!G9 -> 59676 | M54: =바닥판단가!G19 -> 25066 | N54: =바닥판단가!G9 + 바닥판단가!G19 -> 84742
A55: GRP | B55: 기본형 | C55: 코너형 | D55: 샤워형 | E55: 구분 | F55: 1400 | G55: 2500 | H55: 1400 | I55: 1600 | J55: 1000 | K55: 900 | L55: =바닥판단가!G9 -> 59676 | M55: =바닥판단가!G21 -> 27161 | N55: =바닥판단가!G9 + 바닥판단가!G21 -> 86837
A56: GRP | B56: 기본형 | C56: 코너형 | D56: 샤워형 | E56: 구분 | F56: 1500 | G56: 1900 | H56: 1500 | I56: 1300 | J56: 850 | K56: 600 | L56: =바닥판단가!G10 -> 55485 | M56: =바닥판단가!G15 -> 20666 | N56: =바닥판단가!G10 + 바닥판단가!G15 -> 76151
A57: GRP | B57: 기본형 | C57: 코너형 | D57: 샤워형 | E57: 구분 | F57: 1500 | G57: 1900 | H57: 1500 | I57: 1300 | J57: 900 | K57: 600 | L57: =바닥판단가!G10 -> 55485 | M57: =바닥판단가!G16 -> 21190 | N57: =바닥판단가!G10 + 바닥판단가!G16 -> 76675
A58: GRP | B58: 기본형 | C58: 코너형 | D58: 샤워형 | E58: 구분 | F58: 1500 | G58: 2000 | H58: 1500 | I58: 1300 | J58: 900 | K58: 700 | L58: =바닥판단가!G10 -> 55485 | M58: =바닥판단가!G17 -> 22342 | N58: =바닥판단가!G10 + 바닥판단가!G17 -> 77827
A59: GRP | B59: 기본형 | C59: 코너형 | D59: 샤워형 | E59: 구분 | F59: 1500 | G59: 2000 | H59: 1500 | I59: 1400 | J59: 850 | K59: 600 | L59: =바닥판단가!G11 -> 57581 | M59: =바닥판단가!G15 -> 20666 | N59: =바닥판단가!G11 + 바닥판단가!G15 -> 78247
A60: GRP | B60: 기본형 | C60: 코너형 | D60: 샤워형 | E60: 구분 | F60: 1500 | G60: 2000 | H60: 1500 | I60: 1400 | J60: 900 | K60: 600 | L60: =바닥판단가!G11 -> 57581 | M60: =바닥판단가!G16 -> 21190 | N60: =바닥판단가!G11 + 바닥판단가!G16 -> 78771
A61: GRP | B61: 기본형 | C61: 코너형 | D61: 샤워형 | E61: 구분 | F61: 1500 | G61: 2100 | H61: 1500 | I61: 1300 | J61: 900 | K61: 800 | L61: =바닥판단가!G10 -> 55485 | M61: =바닥판단가!G18 -> 23494 | N61: =바닥판단가!G10 + 바닥판단가!G18 -> 78979
A62: GRP | B62: 기본형 | C62: 코너형 | D62: 샤워형 | E62: 구분 | F62: 1500 | G62: 2100 | H62: 1500 | I62: 1400 | J62: 900 | K62: 700 | L62: =바닥판단가!G11 -> 57581 | M62: =바닥판단가!G17 -> 22342 | N62: =바닥판단가!G11 + 바닥판단가!G17 -> 79923
A63: GRP | B63: 기본형 | C63: 코너형 | D63: 샤워형 | E63: 구분 | F63: 1500 | G63: 2100 | H63: 1500 | I63: 1500 | J63: 850 | K63: 600 | L63: =바닥판단가!G12 -> 59676 | M63: =바닥판단가!G15 -> 20666 | N63: =바닥판단가!G12 + 바닥판단가!G15 -> 80342
A64: GRP | B64: 기본형 | C64: 코너형 | D64: 샤워형 | E64: 구분 | F64: 1500 | G64: 2100 | H64: 1500 | I64: 1500 | J64: 900 | K64: 600 | L64: =바닥판단가!G12 -> 59676 | M64: =바닥판단가!G16 -> 21190 | N64: =바닥판단가!G12 + 바닥판단가!G16 -> 80866
A65: GRP | B65: 기본형 | C65: 코너형 | D65: 샤워형 | E65: 구분 | F65: 1500 | G65: 2200 | H65: 1500 | I65: 1300 | J65: 900 | K65: 900 | L65: =바닥판단가!G10 -> 55485 | M65: =바닥판단가!G19 -> 25066 | N65: =바닥판단가!G10 + 바닥판단가!G19 -> 80551
A66: GRP | B66: 기본형 | C66: 코너형 | D66: 샤워형 | E66: 구분 | F66: 1500 | G66: 2200 | H66: 1500 | I66: 1300 | J66: 1000 | K66: 900 | L66: =바닥판단가!G10 -> 55485 | M66: =바닥판단가!G21 -> 27161 | N66: =바닥판단가!G10 + 바닥판단가!G21 -> 82646
A67: GRP | B67: 기본형 | C67: 코너형 | D67: 샤워형 | E67: 구분 | F67: 1500 | G67: 2200 | H67: 1500 | I67: 1400 | J67: 900 | K67: 800 | L67: =바닥판단가!G11 -> 57581 | M67: =바닥판단가!G18 -> 23494 | N67: =바닥판단가!G11 + 바닥판단가!G18 -> 81075
A68: GRP | B68: 기본형 | C68: 코너형 | D68: 샤워형 | E68: 구분 | F68: 1500 | G68: 2200 | H68: 1500 | I68: 1500 | J68: 900 | K68: 700 | L68: =바닥판단가!G12 -> 59676 | M68: =바닥판단가!G17 -> 22342 | N68: =바닥판단가!G12 + 바닥판단가!G17 -> 82018
A69: GRP | B69: 기본형 | C69: 코너형 | D69: 샤워형 | E69: 구분 | F69: 1500 | G69: 2200 | H69: 1500 | I69: 1600 | J69: 850 | K69: 600 | L69: =바닥판단가!G13 -> 61771 | M69: =바닥판단가!G15 -> 20666 | N69: =바닥판단가!G13 + 바닥판단가!G15 -> 82437
A70: GRP | B70: 기본형 | C70: 코너형 | D70: 샤워형 | E70: 구분 | F70: 1500 | G70: 2200 | H70: 1500 | I70: 1600 | J70: 900 | K70: 600 | L70: =바닥판단가!G13 -> 61771 | M70: =바닥판단가!G16 -> 21190 | N70: =바닥판단가!G13 + 바닥판단가!G16 -> 82961
A71: GRP | B71: 기본형 | C71: 코너형 | D71: 샤워형 | E71: 구분 | F71: 1500 | G71: 2300 | H71: 1500 | I71: 1300 | J71: 1000 | K71: 1000 | L71: =바닥판단가!G10 -> 55485 | M71: =바닥판단가!G22 -> 29256 | N71: =바닥판단가!G10 + 바닥판단가!G22 -> 84741
A72: GRP | B72: 기본형 | C72: 코너형 | D72: 샤워형 | E72: 구분 | F72: 1500 | G72: 2300 | H72: 1500 | I72: 1400 | J72: 900 | K72: 900 | L72: =바닥판단가!G11 -> 57581 | M72: =바닥판단가!G19 -> 25066 | N72: =바닥판단가!G11 + 바닥판단가!G19 -> 82647
A73: GRP | B73: 기본형 | C73: 코너형 | D73: 샤워형 | E73: 구분 | F73: 1500 | G73: 2300 | H73: 1500 | I73: 1400 | J73: 1000 | K73: 900 | L73: =바닥판단가!G11 -> 57581 | M73: =바닥판단가!G21 -> 27161 | N73: =바닥판단가!G11 + 바닥판단가!G21 -> 84742
A74: GRP | B74: 기본형 | C74: 코너형 | D74: 샤워형 | E74: 구분 | F74: 1500 | G74: 2300 | H74: 1500 | I74: 1500 | J74: 900 | K74: 800 | L74: =바닥판단가!G12 -> 59676 | M74: =바닥판단가!G18 -> 23494 | N74: =바닥판단가!G12 + 바닥판단가!G18 -> 83170
A75: GRP | B75: 기본형 | C75: 코너형 | D75: 샤워형 | E75: 구분 | F75: 1500 | G75: 2300 | H75: 1500 | I75: 1600 | J75: 900 | K75: 700 | L75: =바닥판단가!G13 -> 61771 | M75: =바닥판단가!G17 -> 22342 | N75: =바닥판단가!G13 + 바닥판단가!G17 -> 84113
A76: GRP | B76: 기본형 | C76: 코너형 | D76: 샤워형 | E76: 구분 | F76: 1500 | G76: 2400 | H76: 1500 | I76: 1400 | J76: 1000 | K76: 1000 | L76: =바닥판단가!G11 -> 57581 | M76: =바닥판단가!G22 -> 29256 | N76: =바닥판단가!G11 + 바닥판단가!G22 -> 86837
A77: GRP | B77: 기본형 | C77: 코너형 | D77: 샤워형 | E77: 구분 | F77: 1500 | G77: 2400 | H77: 1500 | I77: 1500 | J77: 900 | K77: 900 | L77: =바닥판단가!G12 -> 59676 | M77: =바닥판단가!G19 -> 25066 | N77: =바닥판단가!G12 + 바닥판단가!G19 -> 84742
A78: GRP | B78: 기본형 | C78: 코너형 | D78: 샤워형 | E78: 구분 | F78: 1500 | G78: 2400 | H78: 1500 | I78: 1500 | J78: 1000 | K78: 900 | L78: =바닥판단가!G12 -> 59676 | M78: =바닥판단가!G21 -> 27161 | N78: =바닥판단가!G12 + 바닥판단가!G21 -> 86837
A79: GRP | B79: 기본형 | C79: 코너형 | D79: 샤워형 | E79: 구분 | F79: 1500 | G79: 2400 | H79: 1500 | I79: 1600 | J79: 900 | K79: 800 | L79: =바닥판단가!G13 -> 61771 | M79: =바닥판단가!G18 -> 23494 | N79: =바닥판단가!G13 + 바닥판단가!G18 -> 85265
A80: GRP | B80: 기본형 | C80: 코너형 | D80: 샤워형 | E80: 구분 | F80: 1500 | G80: 2500 | H80: 1500 | I80: 1500 | J80: 1000 | K80: 1000 | L80: =바닥판단가!G12 -> 59676 | M80: =바닥판단가!G22 -> 29256 | N80: =바닥판단가!G12 + 바닥판단가!G22 -> 88932
A81: GRP | B81: 기본형 | C81: 코너형 | D81: 샤워형 | E81: 구분 | F81: 1500 | G81: 2500 | H81: 1500 | I81: 1600 | J81: 900 | K81: 900 | L81: =바닥판단가!G13 -> 61771 | M81: =바닥판단가!G19 -> 25066 | N81: =바닥판단가!G13 + 바닥판단가!G19 -> 86837
A82: GRP | B82: 기본형 | C82: 코너형 | D82: 샤워형 | E82: 구분 | F82: 1500 | G82: 2500 | H82: 1500 | I82: 1600 | J82: 1000 | K82: 900 | L82: =바닥판단가!G13 -> 61771 | M82: =바닥판단가!G21 -> 27161 | N82: =바닥판단가!G13 + 바닥판단가!G21 -> 88932
A83: GRP | B83: 기본형 | C83: 코너형 | D83: 샤워형 | E83: 구분 | F83: 1600 | G83: 2200 | H83: 1600 | I83: 1300 | J83: 900 | K83: 900 | L83: =바닥판단가!G14 -> 57790 | M83: =바닥판단가!G19 -> 25066 | N83: =바닥판단가!G14 + 바닥판단가!G19 -> 82856
A84: GRP | B84: 기본형 | C84: 사각형 | D84: 샤워형 | E84: 구분없음 | F84: 1300 | G84: 1300 | H84: NaN | I84: NaN | J84: NaN | K84: NaN | L84: NaN | M84: NaN | N84: =바닥판단가!G2 -> 51610
A85: GRP | B85: 기본형 | C85: 사각형 | D85: 샤워형 | E85: 구분없음 | F85: 1300 | G85: 1400 | H85: NaN | I85: NaN | J85: NaN | K85: NaN | L85: NaN | M85: NaN | N85: =바닥판단가!G3 -> 53600
A86: GRP | B86: 기본형 | C86: 사각형 | D86: 샤워형 | E86: 구분없음 | F86: 1300 | G86: 1500 | H86: NaN | I86: NaN | J86: NaN | K86: NaN | L86: NaN | M86: NaN | N86: =바닥판단가!G4 -> 55485
A87: GRP | B87: 기본형 | C87: 사각형 | D87: 샤워형 | E87: 구분없음 | F87: 1300 | G87: 1600 | H87: NaN | I87: NaN | J87: NaN | K87: NaN | L87: NaN | M87: NaN | N87: =바닥판단가!G5 -> 57790
A88: GRP | B88: 기본형 | C88: 사각형 | D88: 샤워형 | E88: 구분없음 | F88: 1400 | G88: 1300 | H88: NaN | I88: NaN | J88: NaN | K88: NaN | L88: NaN | M88: NaN | N88: =바닥판단가!G6 -> 53600
A89: GRP | B89: 기본형 | C89: 사각형 | D89: 샤워형 | E89: 구분없음 | F89: 1400 | G89: 1400 | H89: NaN | I89: NaN | J89: NaN | K89: NaN | L89: NaN | M89: NaN | N89: =바닥판단가!G7 -> 55695
A90: GRP | B90: 기본형 | C90: 사각형 | D90: 샤워형 | E90: 구분없음 | F90: 1400 | G90: 1500 | H90: NaN | I90: NaN | J90: NaN | K90: NaN | L90: NaN | M90: NaN | N90: =바닥판단가!G8 -> 57581
A91: GRP | B91: 기본형 | C91: 사각형 | D91: 샤워형 | E91: 구분없음 | F91: 1400 | G91: 1600 | H91: NaN | I91: NaN | J91: NaN | K91: NaN | L91: NaN | M91: NaN | N91: =바닥판단가!G9 -> 59676
A92: GRP | B92: 기본형 | C92: 사각형 | D92: 샤워형 | E92: 구분없음 | F92: 1500 | G92: 1300 | H92: NaN | I92: NaN | J92: NaN | K92: NaN | L92: NaN | M92: NaN | N92: =바닥판단가!G10 -> 55485
A93: GRP | B93: 기본형 | C93: 사각형 | D93: 샤워형 | E93: 구분없음 | F93: 1500 | G93: 1400 | H93: NaN | I93: NaN | J93: NaN | K93: NaN | L93: NaN | M93: NaN | N93: =바닥판단가!G11 -> 57581
A94: GRP | B94: 기본형 | C94: 사각형 | D94: 샤워형 | E94: 구분없음 | F94: 1500 | G94: 1500 | H94: NaN | I94: NaN | J94: NaN | K94: NaN | L94: NaN | M94: NaN | N94: =바닥판단가!G12 -> 59676
A95: GRP | B95: 기본형 | C95: 사각형 | D95: 샤워형 | E95: 구분없음 | F95: 1500 | G95: 1600 | H95: NaN | I95: NaN | J95: NaN | K95: NaN | L95: NaN | M95: NaN | N95: =바닥판단가!G13 -> 61771
A96: GRP | B96: 중앙배수 | C96: 코너형 | D96: 샤워형 | E96: 구분없음 | F96: 1500 | G96: 2300 | H96: NaN | I96: NaN | J96: NaN | K96: NaN | L96: NaN | M96: NaN | N96: =바닥판단가!G59 -> 111636
A97: GRP | B97: 중앙배수 | C97: 코너형 | D97: 샤워형 | E97: 구분없음 | F97: 1500 | G97: 2400 | H97: NaN | I97: NaN | J97: NaN | K97: NaN | L97: NaN | M97: NaN | N97: =바닥판단가!G60 -> 114255
A98: GRP | B98: 중앙배수 | C98: 사각형 | D98: 샤워형 | E98: 구분없음 | F98: 1600 | G98: 2400 | H98: NaN | I98: NaN | J98: NaN | K98: NaN | L98: NaN | M98: NaN | N98: =바닥판단가!G61 -> 214100
A99: GRP | B99: 중앙배수 | C99: 사각형 | D99: 욕조형 | E99: 구분없음 | F99: 1600 | G99: 2400 | H99: NaN | I99: NaN | J99: NaN | K99: NaN | L99: NaN | M99: NaN | N99: =바닥판단가!G62 -> 214100
A100: FRP | B100: 기본형 | C100: 코너형 | D100: 샤워형 | E100: 구분 | F100: 1450 | G100: 2100 | H100: 1450 | I100: 1200 | J100: 900 | K100: 900 | L100: =바닥판단가!G23 -> 50000 | M100: =바닥판단가!G40 -> 50017 | N100: =바닥판단가!G23 + 바닥판단가!G40 -> 100017
...

Sheet 바닥판단가
A1: 소재 | B1: 구조 | C1: 형태 | D1: 욕실공간 | E1: 폭 | F1: 길이 | G1: 단가 | H1: 비고
A2: GRP | B2: 기본형 | C2: 코너형 | D2: 세면부 | E2: 1300 | F2: 1300 | G2: 51610 | H2: 251106업데이트
A3: GRP | B3: 기본형 | C3: 코너형 | D3: 세면부 | E3: 1300 | F3: 1400 | G3: 53600
A4: GRP | B4: 기본형 | C4: 코너형 | D4: 세면부 | E4: 1300 | F4: 1500 | G4: 55485
A5: GRP | B5: 기본형 | C5: 코너형 | D5: 세면부 | E5: 1300 | F5: 1600 | G5: 57790
A6: GRP | B6: 기본형 | C6: 코너형 | D6: 세면부 | E6: 1400 | F6: 1300 | G6: 53600
A7: GRP | B7: 기본형 | C7: 코너형 | D7: 세면부 | E7: 1400 | F7: 1400 | G7: 55695
A8: GRP | B8: 기본형 | C8: 코너형 | D8: 세면부 | E8: 1400 | F8: 1500 | G8: 57581
A9: GRP | B9: 기본형 | C9: 코너형 | D9: 세면부 | E9: 1400 | F9: 1600 | G9: 59676
A10: GRP | B10: 기본형 | C10: 코너형 | D10: 세면부 | E10: 1500 | F10: 1300 | G10: 55485
A11: GRP | B11: 기본형 | C11: 코너형 | D11: 세면부 | E11: 1500 | F11: 1400 | G11: 57581
A12: GRP | B12: 기본형 | C12: 코너형 | D12: 세면부 | E12: 1500 | F12: 1500 | G12: 59676
A13: GRP | B13: 기본형 | C13: 코너형 | D13: 세면부 | E13: 1500 | F13: 1600 | G13: 61771
A14: GRP | B14: 기본형 | C14: 코너형 | D14: 세면부 | E14: 1600 | F14: 1300 | G14: 57790
... A72: GRP | B72: 타일일체형 | C72: 사각형 | D72: 욕조형 | E72: 1500 | F72: 1900 | G72: 98698

Sheet 천장판
A1: 판넬/점검구 | B1: 품명 | C1: 폭 | D1: 길이 | E1: 소계
A2: 바디판넬 | B2: SI-2 | C2: 2000 | D2: 1300 | E2: =ROUND(24876.5284210526,0) -> 24877
A3: 바디판넬 | B3: SI-3 | C3: 1750 | D3: 1300 | E3: =ROUND(19466.644754386,0) -> 19467
A4: 바디판넬 | B4: SI-4 | C4: 1750 | D4: 1350 | E4: =ROUND(20465.029754386,0) -> 20465
A5: 바디판넬 | B5: SI-5 | C5: 1750 | D5: 1350 | E5: =ROUND(22778.035754386,0) -> 22778
A6: 바디판넬 | B6: SI-6 | C6: 1750 | D6: 1450 | E6: =ROUND(22090.7790877193,0) -> 22091
A7: 바디판넬 | B7: SI-7 | C7: 1750 | D7: 1000 | E7: =ROUND(22305.1613333333,0) -> 22305
A8: 바디판넬 | B8: SI-8 | C8: 1750 | D8: 1200 | E8: =ROUND(25853.7433333333,0) -> 25854
A9: 바디판넬 | B9: SI-9 | C9: 2000 | D9: 1200 | E9: =ROUND(31177.068,0) -> 31177
A10: 바디판넬 | B10: SI-10 | C10: 1850 | D10: 1370 | E10: =ROUND(22090.7790877193,0) -> 22091
A11: 바디판넬 | B11: SI-11 | C11: 1850 | D11: 1260 | E11: =ROUND(21026.4810877193,0) -> 21026
A12: 사이드판넬 | B12: 700 | C12: 1750 | D12: 700 | E12: =ROUND(14109.9616666667,0) -> 14110
A13: 사이드판넬 | B13: 800 | C13: 1750 | D13: 800 | E13: =ROUND(15953.6971111111,0) -> 15954
A14: 사이드판넬 | B14: 900a | C14: 1750 | D14: 900 | E14: =ROUND(18683.766,0) -> 18684
A15: 사이드판넬 | B15: 900b | C15: 960 | D15: 900 | E15: =ROUND(10785.7126666667,0) -> 10786
A16: 사이드판넬 | B16: 1000 | C16: 1750 | D16: 1000 | E16: =ROUND(19905.1613333333,0) -> 19905
A17: 사이드판넬 | B17: 1200 | C17: 1750 | D17: 1200 | E17: =ROUND(23453.7433333333,0) -> 23454
A18: 사이드판넬 | B18: 2000 | C18: 2000 | D18: 1200 | E18: =ROUND(28777.068,0) -> 28777
A19: 사이드판넬 | B19: 750 | C19: 1850 | D19: 750 | E19: =ROUND(14527.649,0) -> 14528
A20: 사이드판넬 | B20: 1100 | C20: 1850 | D20: 1100 | E20: =ROUND(20189.7306666667,0) -> 20190
A21: 점검구 | B21: SI-2 | C21: 900 | D21: 700 | E21: =ROUND(8585.984,0) -> 8586
A22: 점검구 | B22: SI-3 | C22: 900 | D22: 700 | E22: =ROUND(8585.984,0) -> 8586
A23: 점검구 | B23: SI-4 | C23: 900 | D23: 700 | E23: =ROUND(8585.984,0) -> 8586
A24: 점검구 | B24: SI-5 | C24: 650 | D24: 500 | E24: =ROUND(6296.838,0) -> 6297
A25: 점검구 | B25: SI-6 | C25: 900 | D25: 700 | E25: =ROUND(8585.984,0) -> 8586
A26: 점검구 | B26: SI-7 | C26: 450 | D26: 450 | E26: =ROUND(4728.38884210526,0) -> 4728
A27: 점검구 | B27: SI-8 | C27: 450 | D27: 450 | E27: =ROUND(4728.38884210526,0) -> 4728
A28: 점검구 | B28: SI-9 | C28: 450 | D28: 450 | E28: =ROUND(4728.38884210526,0) -> 4728
A29: 점검구 | B29: SI-10 | C29: 900 | D29: 650 | E29: =ROUND(8174.96333333333,0) -> 8175
A30: 점검구 | B30: SI-11 | C30: 900 | D30: 750 | E30: =ROUND(8184.748,0) -> 8185

Sheet 천장판타공
A1: 품목 | B1: 단가 | C1: 비고
A2: 바디 | B2: 30000 | C2: 2인 40EA/시간(1면절단)
A3: 사이드 | B3: 30500 | C3: 2인 40EA/시간(1면절단)
A4: 환풍기홀 | B4: 4000 | C4: 2인 15EA/시간(1개)
A5: 사각매립등 | B5: 4000 | C5: 2인 15EA/시간(1개)
A6: 원형등 | B6: 2000 | C6: 2인 35EA/시간(1개)
A7: 직선1회 | B7: 1500 | C7: 2인 40EA/시간

Sheet 자동지정항목
A1: 대분류 | B1: 중분류 | C1: 사양 및 규격
A2: 욕실타일벽체 세트 | B2: 사각형(샤워타입) | C2: 1400*1900LA
A3: 욕실타일벽체 세트 | B3: 사각형(샤워타입) | C3: 1400*1900RA
A4: 욕실타일벽체 세트 | B4: 코너신형 | C4: 1500*2300LA
A5: 욕실타일벽체 세트 | B5: 코너신형 | C5: 1500*2300RA
A6: 욕실타일벽체 세트 | B6: 코너신형 | C6: 1500*2300LA(주약)
A7: 욕실타일벽체 세트 | B7: 코너신형 | C7: 1500*2300RA(주약)
A8: 욕실타일벽체 세트 | B8: 코너형
A9: 욕실타일벽체 세트 | B9: 코너형
A10: 오배수배관 | B10: PVC파이프(VG2) | C10: 100A
A11: 오배수배관 | B11: PVC파이프(VG2) | C11: 65A
A12: 오배수배관 | B12: PVC파이프(VG1) | C12: 50A
A13: 오배수배관 | B13: 양변기 엘보 | C13: 100A
A14: 오배수배관 | B14: 저소음 엘보 | C14: 50A
A15: 오배수배관 | B15: 임시마개(양변기용) | C15: 100A
A16: 오배수배관 | B16: PVC본드 | C16: 1KG
A17: 냉온수배관 | B17: PB독립배관
A18: 냉온수배관 | B18: PB이중관(오픈수전함)
A19: 타일류 | B19: 벽체용 타일 300*600
A20: 타일류 | B20: 벽체용 타일 250*400
A21: 타일류 | B21: 바닥용 타일 300*300
A22: 타일류 | B22: 바닥용 타일 200*200
A23: 타일류 | B23: DWL1769 | C23: 250*400
A24: 타일류 | B24: DWL2903 | C24: 250*400
A25: 타일류 | B25: HBD4063 | C25: 200*200
A26: 타일류 | B26: HBD7063 | C26: 200*200
A27: 문세트(일반) | B27: 문틀(일반) | C27: 710*2120(130바)
A28: 문세트(일반) | B28: 문짝(일반) | C28: 642*2052
A29: 문세트(일반) | B29: 문짝(포켓도어)
A30: 문세트(일반) | B30: 도어락
A31: 문세트(일반) | B31: 경첩(스텐피스)
A32: 문세트(일반) | B32: 스토퍼
A33: 문세트(포켓도어) | B33: 가틀(포켓도어)
A34: 문세트(포켓도어) | B34: 본틀(포켓도어)
A35: 문세트(포켓도어) | B35: 문틀 받침대
A36: 문세트(포켓도어) | B36: 오목손잡이
A37: 도기 및 수전 | B37: 양변기
A38: 도기 및 수전 | B38: 세면기
A39: 도기 및 수전 | B39: 세면기 수전
A40: 도기 및 수전 | B40: 겸용 수전
A41: 도기 및 수전 | B41: 샤워 수전
A42: 액세서리 | B42: 욕실장 | C42: 600*900 좌
A43: 액세서리 | B43: 욕실장 | C43: 600*900 우
A44: 액세서리 | B44: 거울 | C44: 690*800*5T
A45: 액세서리 | B45: 수건걸이 | C45: EL-400-1
A46: 액세서리 | B46: 휴지걸이 | C46: EL-400-2
A47: 액세서리 | B47: 일자선반 | C47: 690*130
A48: 액세서리 | B48: 코너선반
A49: 액세서리 | B49: 슬라이드바 | C49: KF601
A50: 액세서리 | B50: 안전손잡이(L형) | C50: 600*900
A51: 액세서리 | B51: 안전손잡이(I형) | C51: 330L
A52: 액세서리 | B52: 안전손잡이(I형) | C52: 550L
A53: 액세서리 | B53: 안전손잡이(I형) | C53: 650L
A54: 액세서리 | B54: 벽부착 욕실의자 | C54: 360*407*480
A55: 칸막이 | B55: 샤워 부스
A56: 칸막이 | B56: 샤워 파티션
A57: 공통 및 부속자재 | B57: 배수트랩 | C57: 상하용
A58: 공통 및 부속자재 | B58: 드레인커버 | C58: 200*200*20(일체형)
A59: 공통 및 부속자재 | B59: 드레인커버 | C59: 200*200*32(절단형)
A60: 공통 및 부속자재 | B60: 드레인커버 | C60: 200*100*32(절단형)
A61: 공통 및 부속자재 | B61: 드레인커버 | C61: 200*100*12(절단형)
A62: 공통 및 부속자재 | B62: 실리콘(내항균성) | C62: BIO-707
A63: 공통 및 부속자재 | B63: 실리콘(내항균성) | C63: LC707
A64: 공통 및 부속자재 | B64: 폼업 | C64: FL-238-5DC
A65: 공통 및 부속자재 | B65: S트랩 | C65: ZFL-222
A66: 공통 및 부속자재 | B66: 앵글밸브 | C66: PB-030-NY
A67: 공통 및 부속자재 | B67: 코너비드(벽체 안쪽) | C67: 17*17*2180
A68: 공통 및 부속자재 | B68: 코너마감재(벽체 뒤쪽) | C68: -
... A79: 공통 및 부속자재 | B79: 압착시멘트 | C79: 20kg
A80: 공통 및 부속자재 | B80: 이면지지대
A81: 공통 및 부속자재 | B81: 우레탄폼
A82: 공통 및 부속자재 | B82: 보온재
A83: 공통 및 부속자재 | B83: 세면대 브라켓
A84: 공통 및 부속자재 | B84: 세면대 브라켓 피스
A85: 공통 및 부속자재 | B85: 아연각관 | C85: 15각
A86: 공통 및 부속자재 | B86: 환봉 | C86: 6A
A87: 공통 및 부속자재 | B87: 아연판 | C87: 100*1.2T
A88: 공통 및 부속자재 | B88: 부직포 | C88: 1250*2600
A89: 공통 및 부속자재 | B89: 종이테이프 | C89: W24
A90: 공통 및 부속자재 | B90: 종이테이프 | C90: W50
A91: 공통 및 부속자재 | B91: 스폰지테이프 | C91: W10*T5
A92: 공통 및 부속자재 | B92: 보강목 | C92: 100*100
A93: 공통 및 부속자재 | B93: 직결피스 | C93: 8*16
A94: 공통 및 부속자재 | B94: 코너브라켓 | C94: 250*400(상하용)
A95: 공통 및 부속자재 | B95: 코너브라켓 | C95: 250*100(중간용)
A96: 공통 및 부속자재 | B96: 평클립 | C96: 50*34*2.3T
... A98: 공통 및 부속자재 | B98: 고무사출패드 | C98: 30*50

Sheet 자재단가내역
A1: 대분류 | B1: 중분류 | C1: 사양 및 규격 | D1: 단가
A2: 욕실타일벽체 세트 | B2: 코너형 | C2: 1700*2200LA | D2: 1500
A3: 욕실타일벽체 세트 | B3: 코너신형 | C3: 1500*2300LA | D3: 2000
A4: 욕실타일벽체 세트 | B4: 코너신형 | C4: 1500*2300LA(주약) | D4: 3150 | H4: 규칙
A5: 욕실타일벽체 세트 | B5: 코너신형 | C5: 1600*2100LA | D5: 500 | H5: 대분류/중분류/사양 및 규격이 정확히 일치하는 품목을 추가했을 때 견적서 생성에 반영됨
A6: 욕실타일벽체 세트 | B6: 코너신형 | C6: 1600*2100LA(주약) | D6: 1000
A7: 욕실타일벽체 세트 | B7: 코너신형 | C7: 1600*2200LA | D7: 4000
A8: 욕실타일벽체 세트 | B8: 코너신형 | C8: 1600*2200LA(주약) | D8: 999
A9: 욕실타일벽체 세트 | B9: 코너신형 | C9: 1700*2200LA | D9: 999
A10: 욕실타일벽체 세트 | B10: 사각형(샤워타입) | C10: 1400*1900LA | D10: 999
A11: 욕실타일벽체 세트 | B11: 사각형(샤워타입) | C11: 1400*1900RA | D11: 3950
A12: 욕실타일벽체 세트 | B12: 사각형(샤워타입) | C12: 1500*2200LA | D12: 4600
A13: 욕조 SL | B13: SL1600*3.5 | C13: 750*1600 | D13: 35000
A14: 욕조 SL | B14: SL1750*3.5 | C14: 750*1750 | D14: 15000
A15: 욕조 | B15: 욕조 시공비 | C15: NONE | D15: 999
A16: 욕조 SL | B16: SL욕조 기초판 | C16: 400*1065*50 | D16: 6000
A17: 욕조 SP | B17: SP1400*3.5 | C17: 720*1400 | D17: 999
... A24: 에프런 SP | B24: SP1700 | C24: 510*1700 | D24: 2380
A25: FRP바닥판 | B25: 사각형(사워타입) | D25: 15000
A26: FRP바닥판 | B26: 사각형(사워타입) | D26: 570
A27: FRP바닥판 | B27: 사각형(사워타입) | D27: 1000
A28: FRP바닥판 | B28: 사각형(사워타입) | D28: 800
A29: 욕실천장판 | B29: 1000 사이드 | C29: 1000*1750 | D29: 3000
A30: 욕실천장판 | B30: 1100 사이드 | C30: 1100*1850 | D30: 5500
A31: 욕실천장판 | B31: 1200 사이드 | C31: 1200*1750 | D31: 6000
A32: 욕실천장판 | B32: SI-185 바디 | C32: 1370*1850 | D32: 2000
A33: 욕실천장판 | B33: SI-185 돔형 점검구 | C33: 650*900 | D33: 30000
A34: 욕실천장판 | B34: SI-185 평형 점검구 | C34: 650*900 | D34: =18000/15 -> 1200
A35: 욕실천장판 | B35: 무광-1 바디 | C35: 1370*1750 | D35: =18000/9 -> 2000
A36: 욕실천장판 | B36: 무광-1 바디 | C36: 1370*1750 | D36: 6000
A37: 욕실천장판 | B37: SI-1 돔형 점검구 | C37: 750*900 | D37: 100000
A38: 욕실천장판 | B38: 2000 사이드 | C38: 1200*2000 | D38: 85000
A39: 욕실천장판 | B39: SI-2,3,4,5 돔형 점검구 | C39: 700*900 | D39: 75000
A40: 욕실천장판 | B40: SI-2,3,4,5 평형 점검구 | C40: 700*900 | D40: =15000/37 -> 405.40541
A41: 욕실천장판 | B41: SI-2 바디 | C41: 1300*2000 | D41: =15000/16 -> 937.5
A42: 욕실천장판 | B42: SI-3 바디 | C42: 1300*1750 | D42: 999
A43: 욕실천장판 | B43: SI-4 바디 | C43: 1350*1750 | D43: 999
A44: 욕실천장판 | B44: SI-5 바디 | C44: 1450*1750 | D44: 999
A45: 욕실천장판 | B45: SI-6,7,8 평형 점검구 | C45: 450*450 | D45: 999
A46: 욕실천장판 | B46: SI-6 바디 | C46: 1000*1750 | D46: 12000
A47: 욕실천장판 | B47: 700 사이드 | C47: 700*1750 | D47: 4500
A48: 욕실천장판 | B48: 750 사이드 | C48: 750*1850 | D48: 1500
A49: 욕실천장판 | B49: SI-7 바디 | C49: 1200*1750 | D49: 37500
A50: 욕실천장판 | B50: 800 사이드 | C50: 800*1750 | D50: 41500
A51: 욕실천장판 | B51: SI-8 바디 | C51: 1200*2000 | D51: 45500
A52: 욕실천장판 | B52: 900 사이드 | C52: 900*1750 | D52: 49500
A53: 욕실천장판 | B53: 960 사이드 | C53: 900*960 | D53: 55500
... A65: 욕실천장판 | B65: SI-9 돔형 점검구 | C65: 650*900 | D65: 83000
A66: 욕실천장판 | B66: 욕실천장판 관리비 | D66: 999
A67: 욕실천장판 | B67: SI-1 바디 | C67: 1260*1750 | D67: 25500
A68: 욕실천장판 | B68: 무광-1 점검구 | C68: 500*600 | D68: 39000
A69: 욕실천장판 | B69: 욕실천장판 시공비 | C69: NONE | D69: 40900
A70: GRP바닥판 | B70: 코너형 | D70: 9900
A71: GRP바닥판 | B71: 코너형 | D71: 7900
A72: GRP바닥판 | B72: 코너형 | D72: 25500
A73: GRP바닥판 | B73: 코너형 | D73: 40900
A74: GRP바닥판 | B74: 코너형 | D74: 9900
A75: GRP바닥판 | B75: 코너형 | D75: 6400
A76: GRP바닥판 | B76: 코너형 | D76: 5000
A77: GRP바닥판 | B77: 코너형 | D77: 1000
A78: GRP바닥판 | B78: 코너형 | D78: 38900
A79: GRP바닥판 | B79: 코너형 | D79: 40800
A80: GRP바닥판 | B80: 코너형 | D80: 12000
A81: GRP바닥판 | B81: 코너형 | D81: 999
... A95: GRP바닥판 | B95: 코너형 | D95: 999
A96: GRP바닥판 | B96: 코너신형 샤워부 | C96: 1000*1000 | D96: 999
A97: GRP바닥판 | B97: 코너신형 샤워부 | C97: 1000*850 | D97: 44000
A98: GRP바닥판 | B98: 코너신형 샤워부 | C98: 1000*900 | D98: 20000
A99: GRP바닥판 | B99: 코너신형 샤워부 | C99: 1000*950 | D99: 74000
A100: GRP바닥판 | B100: 코너신형 샤워부 | C100: 600*1000 | D100: 999
A101: GRP바닥판 | B101: 코너신형 샤워부 | C101: 600*850 | D101: 999
A102: GRP바닥판 | B102: 코너신형 샤워부 | C102: 600*900 | D102: 999
A103: GRP바닥판 | B103: 코너신형 샤워부 | C103: 600*950 | D103: 999
A104: GRP바닥판 | B104: 코너신형 샤워부 | C104: 700*1000 | D104: 999
A105: GRP바닥판 | B105: 코너신형 샤워부 | C105: 700*850 | D105: 999
A106: GRP바닥판 | B106: 코너신형 샤워부 | C106: 700*900 | D106: 999
A107: GRP바닥판 | B107: 코너신형 샤워부 | C107: 700*950 | D107: 999
... A123: GRP바닥판 | B123: 코너신형 샤워부 | C123: 950*950 | D123: 3000
A124: GRP바닥판 | B124: 코너신형 세면부 | D124: 999
A125: GRP바닥판 | B125: 코너신형 세면부 | D125: 8000
A126: GRP바닥판 | B126: 코너신형 세면부 | D126: 1500
A127: GRP바닥판 | B127: 코너신형 세면부 | D127: 2000
A128: GRP바닥판 | B128: 코너신형 세면부 | D128: 3150
A129: GRP바닥판 | B129: 코너신형 세면부 | D129: 500
A130: GRP바닥판 | B130: 코너신형 세면부 | D130: 1000
A131: GRP바닥판 | B131: 코너신형 세면부 | D131: 4000
A132: GRP바닥판 | B132: 코너신형 세면부 | D132: 999
A133: GRP바닥판 | B133: 코너신형 세면부 | D133: 999
A134: GRP바닥판 | B134: 코너신형 세면부 | D134: 999
A135: GRP바닥판 | B135: 코너신형 세면부 | D135: 3950
... A157: GRP바닥판 | B157: 코너신형 세면부 | D157: 30000
A158: GRP바닥판 | B158: 코너신형 세면부 | D158: =18000/15 -> 1200
A159: GRP바닥판 | B159: 코너신형 세면부 | D159: =18000/9 -> 2000
A160: GRP바닥판 | B160: 코너신형 세면부 | D160: 6000
A161: GRP바닥판 | B161: 코너신형 세면부 | D161: 100000
A162: GRP바닥판 | B162: 코너신형 세면부 | D162: 85000
A163: GRP바닥판 | B163: 코너신형 세면부 | D163: 75000
A164: GRP바닥판 | B164: 코너신형 세면부 | D164: =15000/37 -> 405.40541
A165: GRP바닥판 | B165: 코너신형 세면부 | D165: =15000/16 -> 937.5
A166: GRP바닥판 | B166: 코너신형 세면부 | D166: 999
...

Sheet 벽판
A1: variable | B1: value
A2: 프레임단가_15각 | B2: 1440
A3: 프레임단가_16각 | B3: 1485
A4: 프레임단가_19각 | B4: 1798
A5: P_U단가_15각 | B5: 3162
A6: P_U단가_16각 | B6: 3341
A7: P_U단가_19각 | B7: 3930
A8: 조립클립단가 | B8: 4320
A9: 설비감가비 | B9: 830
A10: 제조경비_판넬당 | B10: 434.60925
A11: 타일관리비_단가 | B11: 60
A12: 출고_렉입고_단가 | B12: 3730
A13: 생산인건비_일단가 | B13: 269000
... A23: 도어폭_0_8m | B23: 0.8

Sheet PVE
A1: PVE 욕실 유형 | B1: 원재료비 | C1: 가공비
A2: 일반형 | B2: 12000 | C2: 24331
A3: 욕실선반형 | B3: 12000 | C3: 31159

Sheet 데이터 설명
A1: 바닥판 단가
A2: 컬럼 | B2: 타입 | C2: 단위 | D2: 예시 | E2: 설명
A3: 소재 | B3: string | C3: - | D3: GRP | E3: 바닥판 소재 구분(GRP/FRP). PVE는 GRP/FRP가 아닌 경우에 선택하게 됨
A4: 구조 | B4: string | C4: - | D4: 기본형 | E4: 제품 구조/배수/일체형 구분
A5: 형태 | B5: string | C5: - | D5: 코너형 | E5: 욕실 형태(코너/사각/욕조 등)
A6: 욕실공간 | B6: string | C6: - | D6: 세면부 | E6: 적용 구간(세면/샤워/단차없음/샤워형/욕조형 등)
A7: 폭 | B7: int | C7: mm | D7: 1300 | E7: 바닥판 폭(가로)
A8: 길이 | B8: int | C8: mm | D8: 1500 | E8: 바닥판 길이(세로)
A9: 단가 | B9: int | C9: KRW | D9: 51610 | E9: 단가(원). 쉼표/공백 제거 후 정수로 저장 권장
A11: 바닥판
A12: 컬럼 | B12: 타입 | C12: 단위 | D12: 허용값/예시 | E12: 설명
A13: 소재 | B13: string | C13: - | D13: GRP, FRP | E13: 바닥판 소재
A14: 유형 | B14: string | C14: - | D14: 기본형, 중앙배수, 일체형, 타일일체형 | E14: 구조/제품 타입
A15: 형태 | B15: string | C15: - | D15: 코너형, 사각형 | E15: 욕실 형태
A16: 용도 | B16: string | C16: - | D16: 샤워형, 욕조형 | E16: 욕실 용도 구분
A17: 경계 | B17: string | C17: - | D17: 구분, 구분없음 | E17: 세면/샤워 분해 여부
A18: 욕실폭 | B18: int | C18: mm | D18: 1300 | E18: 전체 욕실 폭
A19: 욕실길이 | B19: int | C19: mm | D19: 1900 | E19: 전체 욕실 길이
A20: 세면부폭 | B20: int/NaN | C20: mm | D20: 1300 또는 NaN | E20: 경계=구분일 때만 채움
A21: 세면부길이 | B21: int/NaN | C21: mm | D21: 1400 또는 NaN | E21: 경계=구분일 때만 채움
A22: 샤워부폭 | B22: int/NaN | C22: mm | D22: 900 또는 NaN | E22: 경계=구분일 때만 채움
A23: 샤워부길이 | B23: int/NaN | C23: mm | D23: 700 또는 NaN | E23: 경계=구분일 때만 채움
A24: 세면부바닥판 단가 | B24: int/NaN | C24: KRW | D24: 51610 또는 NaN | E24: 세면부 바닥판 단가(원)
A25: 샤워부바닥판 단가 | B25: int/NaN | C25: KRW | D25: 20666 또는 NaN | E25: 샤워부 바닥판 단가(원)
A26: 소계 | B26: int | C26: KRW | D26: 72276 | E26: 최종 합계 단가(원)
A28: 천장판
A29: 컬럼명 | B29: 타입 | C29: 단위 | D29: 예시 | E29: 설명
A30: 판넬/점검구 | B30: string | C30: - | D30: 바디판넬 | E30: 품목(카테고리) 구분(바디판넬/사이드판넬/점검구)
A31: 품명 | B31: string | C31: - | D31: SI-2 | E31: 카탈로그 품번/규격 코드(예: SI-2, 900a, 1100 등)
A32: 폭 | B32: int | C32: mm | D32: 2000 | E32: 폭(가로) 치수
A33: 길이 | B33: int | C33: mm | D33: 1300 | E33: 길이(세로) 치수
A34: 소계 | B34: int | C34: KRW | D34: 24877 | E34: 품목 1개 기준 단가(원). 쉼표/공백이 있으면 제거 후 정수 변환 권장
A36: 벽판
A37: 컬럼명 | B37: 타입 | C37: 단위 | D37: 예시 | E37: 설명
A38: variable | B38: string | C38: - | D38: 프레임단가_15각 | E38: 상수 이름(키). 코드에서 이 문자열로 값을 조회함
A39: value | B39: number | C39: (변수별 상이) | D39: 1440 | E39: 상수 값. 단위는 변수 의미에 따라 다르며, 가능하면 별도 unit 컬럼 추가 권장
A40: 자동지정항목 / 자재단가 내역
A41: 대분류/중분류/사양 및 규격이 정확히 일치하는 품목을 추가했을 때 견적서 생성에 반영됨
A42: 자동지정항목 시트와 자재단가 내역의 대분류/중분류/사양 및 규격이 일치해야 탐지 가능
